Label,Average Score,Standard Deviation,Number of Nodes
0,0.5124854,0.058169935,149
1,0.5647227,0.06748731,221
2,0.0,0.0,0
3,0.53534734,0.06194022,1609
