Label,Average Score,Standard Deviation,Number of Nodes
0,0.52793384,0.05710553,149
1,0.5728496,0.07089812,221
2,0.0,0.0,0
3,0.54520553,0.06359728,1609
