Label,Average Score,Standard Deviation,Number of Nodes
0,0.7716481,0.10880029,135
1,0.83932865,0.092248216,248
2,0.99809223,0.0,1
3,0.7924184,0.09837548,1594
