Label,Average Score,Standard Deviation,Number of Nodes
0,0.5121581,0.058417644,149
1,0.56524307,0.06793379,221
2,0.0,0.0,0
3,0.5357297,0.06300099,1609
