Gene Name,Score
HDAC1,0.99389404
HDAC2,0.9927617
