Label,Average Score,Standard Deviation,Number of Nodes
0,0.68546003,0.12407472,149
1,0.7819961,0.12894928,221
2,0.99332786,0.0005661845,2
3,0.72526616,0.12573603,1607
