Label,Average Score,Standard Deviation,Number of Nodes
0,0.7516873,0.09568867,113
1,0.8193756,0.085367724,172
2,0.0,0.0,0
3,0.7731847,0.08949084,1525
