Label,Average Score,Standard Deviation,Number of Nodes
0,0.49260318,0.08400835,149
1,0.6648412,0.13968888,221
2,0.0,0.0,0
3,0.55953205,0.13259974,1609
