Label,Average Score,Standard Deviation,Number of Nodes
0,0.5163547,0.05489018,149
1,0.56156623,0.06631903,221
2,0.0,0.0,0
3,0.5335425,0.06033061,1609
