Label,Average Score,Standard Deviation,Number of Nodes
0,0.52746785,0.030378954,149
1,0.5497198,0.027242841,221
2,0.0,0.0,0
3,0.5352689,0.03086068,1609
