Label,Average Score,Standard Deviation,Number of Nodes
0,0.5369112,0.0,149
1,0.53691113,5.9604645e-08,221
2,0.0,0.0,0
3,0.53691113,5.9604645e-08,1609
