Label,Average Score,Standard Deviation,Number of Nodes
0,0.49731866,0.054511175,149
1,0.54185396,0.06030582,221
2,0.0,0.0,0
3,0.51389986,0.060648855,1609
