Label,Average Score,Standard Deviation,Number of Nodes
0,0.50478613,0.060182575,149
1,0.5672678,0.08104808,221
2,0.0,0.0,0
3,0.52921873,0.06721503,1609
