Label,Average Score,Standard Deviation,Number of Nodes
0,0.21527432,0.1877136,149
1,0.9481657,0.13120674,221
2,0.9972841,0.0028751728,303
3,0.532681,0.35497874,1306
