Label,Average Score,Standard Deviation,Number of Nodes
0,0.06617188,0.06025264,149
1,0.9513836,0.05720722,221
2,0.996909,0.0030261036,182
3,0.4783868,0.35533878,1427
