Label,Average Score,Standard Deviation,Number of Nodes
0,0.03554068,0.090037405,149
1,0.81485415,0.23306642,221
2,0.99854964,0.0025158576,143
3,0.23807886,0.3156127,1466
