Label,Average Score,Standard Deviation,Number of Nodes
0,0.22790784,0.2968607,149
1,0.83582413,0.270323,221
2,0.998139,0.0027124202,320
3,0.38795495,0.35850862,1289
