Label,Average Score,Standard Deviation,Number of Nodes
0,0.019875571,0.0345338,149
1,0.8455998,0.21255487,221
2,0.9979303,0.002676856,180
3,0.29568803,0.34673432,1429
