Label,Average Score,Standard Deviation,Number of Nodes
0,0.44073352,0.08264858,149
1,0.57159543,0.16068764,221
2,0.9658503,0.012836757,3
3,0.47912726,0.11616149,1606
