Gene Name,Score
ACTB,0.98313993
ACOT2,0.96199876
ATR,0.95241225
