Label,Average Score,Standard Deviation,Number of Nodes
0,0.24334574,0.19517925,149
1,0.94606704,0.08865165,221
2,0.9971209,0.0027524314,219
3,0.56978476,0.33374336,1390
