Label,Average Score,Standard Deviation,Number of Nodes
0,0.17845346,0.12547389,149
1,0.9462986,0.0724498,221
2,0.98494285,0.0145178605,388
3,0.49118605,0.31368238,1221
